{
  "orientation": "Vertical",
  "nodeLayouts": {
    "inputs": {
      "x": 472.5,
      "y": 62,
      "index": -1
    },
    "outputs": {
      "x": 417,
      "y": 502,
      "index": -1
    },
    "setup_env": {
      "x": 833.751986085652,
      "y": 184.09524653560237,
      "height": 75,
      "index": 0
    },
    "qna": {
      "x": 417,
      "y": 392,
      "height": 75,
      "index": 1
    },
    "search_content": {
      "x": 538.2452378983087,
      "y": 250.8980052770546,
      "height": 75,
      "index": 2
    },
    "setup_ai_search": {
      "x": 272.35685174068135,
      "y": 163.36055174829045,
      "height": 75,
      "index": 3
    },
    "initial_prompt": {
      "x": 808.5591789941933,
      "y": 368.3947672652306,
      "height": 75,
      "index": 4
    }
  },
  "viewport": {
    "transformMatrix": [
      0.6430436100000002,
      0,
      0,
      0.6430436100000002,
      -279.49303794929676,
      -14.08094291648446
    ]
  }
}